date,region,product,sales_rep,quantity,unit_price,total_amount
2024-11-05,South,Product C,Rep_6,96,301.74,28967.04
2024-11-06,West,Product C,Rep_10,55,128.11,7046.05
2024-11-06,West,Product A,Rep_20,1,20.92,20.92
2024-11-08,South,Product E,Rep_3,68,168.86,11482.48
2024-11-09,West,Product D,Rep_11,50,52.17,2608.5
2024-11-09,North,Product C,Rep_17,59,19.23,1134.57
2024-11-10,East,Product D,Rep_18,19,221.63,4210.97
2024-11-10,South,Product D,Rep_8,77,95.55,7357.35
2024-11-10,West,Product B,Rep_11,3,90.24,270.72
2024-11-11,East,Product B,Rep_18,44,109.26,4807.44
2024-11-11,Central,Product C,Rep_9,12,108.11,1297.32
2024-11-12,West,Product B,Rep_14,33,406.06,13399.98
2024-11-12,North,Product D,Rep_5,63,120.7,7604.1
2024-11-12,West,Product C,Rep_12,42,136.99,5753.58
2024-11-14,North,Product A,Rep_15,82,125.14,10261.48
2024-11-17,West,Product C,Rep_17,41,454.65,18640.65
2024-11-17,West,Product B,Rep_17,37,196.38,7266.06
2024-11-18,East,Product C,Rep_17,94,152.9,14372.6
2024-11-18,North,Product E,Rep_1,75,82.41,6180.75
2024-11-19,North,Product D,Rep_11,81,154.87,12544.47
2024-11-19,West,Product D,Rep_18,92,486.83,44788.36
2024-11-20,Central,Product E,Rep_18,56,483.45,27073.2
2024-11-22,Central,Product B,Rep_1,8,11.79,94.32
2024-11-22,North,Product C,Rep_15,39,40.83,1592.37
2024-11-22,East,Product E,Rep_18,24,40.62,974.88
2024-11-23,South,Product E,Rep_13,21,368.29,7734.09
2024-11-23,West,Product A,Rep_18,4,221.43,885.72
2024-11-23,West,Product E,Rep_2,65,77.63,5045.95
2024-11-24,East,Product B,Rep_5,13,432.22,5618.86
2024-11-24,South,Product A,Rep_14,58,286.38,16610.04
2024-11-28,East,Product C,Rep_13,3,106.26,318.78
2024-11-28,North,Product B,Rep_20,56,117.46,6577.76
2024-11-29,North,Product A,Rep_10,85,456.38,38792.3
2024-11-29,North,Product B,Rep_4,38,421.99,16035.62
2024-11-30,West,Product B,Rep_8,41,370.59,15194.19
2024-11-30,North,Product A,Rep_5,16,476.2,7619.2
2024-11-30,East,Product B,Rep_5,17,326.5,5550.5
2024-12-01,West,Product E,Rep_13,24,460.47,11051.28
2024-12-01,West,Product C,Rep_5,89,261.4,23264.6
2024-12-01,Central,Product B,Rep_16,96,376.9,36182.4
2024-12-02,West,Product A,Rep_12,45,462.84,20827.8
2024-12-02,East,Product C,Rep_2,46,359.48,16536.08
2024-12-03,East,Product C,Rep_17,3,280.44,841.32
2024-12-04,South,Product C,Rep_14,53,113.36,6008.08
2024-12-05,West,Product B,Rep_8,44,439.55,19340.2
2024-12-05,South,Product D,Rep_12,5,33.51,167.55
2024-12-05,South,Product E,Rep_19,36,398.8,14356.8
2024-12-06,North,Product D,Rep_2,37,49.48,1830.76
2024-12-07,West,Product C,Rep_5,73,454.63,33187.99
2024-12-07,West,Product A,Rep_19,23,297.11,6833.53
2024-12-08,South,Product B,Rep_12,80,463.89,37111.2
2024-12-08,South,Product C,Rep_9,58,329.71,19123.18
2024-12-08,North,Product E,Rep_6,48,56.65,2719.2
2024-12-08,Central,Product A,Rep_16,48,374.03,17953.44
2024-12-09,South,Product D,Rep_12,91,84.88,7724.08
2024-12-10,Central,Product E,Rep_5,1,62.86,62.86
2024-12-10,Central,Product A,Rep_9,38,192.67,7321.46
2024-12-10,East,Product D,Rep_2,44,312.1,13732.4
2024-12-10,South,Product A,Rep_18,61,175.92,10731.12
2024-12-11,Central,Product B,Rep_8,62,412.98,25604.76
2024-12-11,East,Product D,Rep_20,12,143.96,1727.52
2024-12-11,North,Product D,Rep_18,68,236.7,16095.6
2024-12-11,Central,Product B,Rep_2,51,315.81,16106.31
2024-12-12,East,Product A,Rep_4,5,482.01,2410.05
2024-12-13,South,Product A,Rep_5,51,474.82,24215.82
2024-12-14,West,Product E,Rep_11,64,489.12,31303.68
2024-12-14,North,Product C,Rep_18,65,108.87,7076.55
2024-12-15,West,Product C,Rep_1,36,473.38,17041.68
2024-12-16,North,Product E,Rep_5,90,332.65,29938.5
2024-12-16,North,Product C,Rep_4,65,185.03,12026.95
2024-12-16,Central,Product D,Rep_11,17,80.67,1371.39
2024-12-17,South,Product C,Rep_19,50,165.78,8289.0
2024-12-19,South,Product D,Rep_7,84,252.61,21219.24
2024-12-20,South,Product A,Rep_20,14,35.03,490.42
2024-12-20,Central,Product C,Rep_15,33,104.3,3441.9
2024-12-20,South,Product E,Rep_12,22,472.7,10399.4
2024-12-20,South,Product B,Rep_13,50,178.43,8921.5
2024-12-22,North,Product B,Rep_3,7,47.99,335.93
2024-12-22,East,Product A,Rep_20,88,395.45,34799.6
2024-12-22,Central,Product B,Rep_19,63,498.42,31400.46
2024-12-22,West,Product D,Rep_10,71,296.14,21025.94
2024-12-23,South,Product B,Rep_8,74,151.63,11220.62
2024-12-24,West,Product C,Rep_6,33,112.62,3716.46
2024-12-24,East,Product B,Rep_17,90,434.94,39144.6
2024-12-25,South,Product E,Rep_3,60,334.05,20043.0
2024-12-25,Central,Product D,Rep_11,15,370.33,5554.95
2024-12-25,West,Product C,Rep_17,96,211.23,20278.08
2024-12-25,Central,Product E,Rep_3,26,294.03,7644.78
2024-12-25,West,Product E,Rep_8,42,277.67,11662.14
2024-12-25,Central,Product E,Rep_15,99,268.29,26560.71
2024-12-26,West,Product D,Rep_17,36,235.89,8492.04
2024-12-27,South,Product D,Rep_6,25,380.34,9508.5
2024-12-28,North,Product C,Rep_7,54,147.47,7963.38
2024-12-29,South,Product A,Rep_4,60,262.01,15720.6
2024-12-29,Central,Product B,Rep_2,2,401.93,803.86
2025-01-02,North,Product D,Rep_13,43,462.12,19871.16
2025-01-02,Central,Product E,Rep_11,96,465.59,44696.64
2025-01-02,North,Product C,Rep_11,90,49.56,4460.4
2025-01-03,East,Product E,Rep_19,71,261.79,18587.09
2025-01-03,East,Product D,Rep_13,73,480.19,35053.87
2025-01-08,East,Product D,Rep_4,73,395.05,28838.65
2025-01-09,South,Product A,Rep_4,62,252.32,15643.84
2025-01-09,West,Product B,Rep_1,7,49.73,348.11
2025-01-09,Central,Product A,Rep_8,60,389.25,23355.0
2025-01-09,East,Product B,Rep_7,46,16.0,736.0
2025-01-09,Central,Product E,Rep_19,52,197.36,10262.72
2025-01-10,West,Product A,Rep_14,11,366.69,4033.59
2025-01-11,North,Product E,Rep_2,47,456.34,21447.98
2025-01-12,Central,Product A,Rep_6,28,353.71,9903.88
2025-01-13,South,Product D,Rep_2,62,16.02,993.24
2025-01-13,South,Product E,Rep_3,66,257.84,17017.44
2025-01-14,East,Product C,Rep_3,83,279.31,23182.73
2025-01-14,South,Product A,Rep_6,58,213.52,12384.16
2025-01-15,North,Product E,Rep_3,99,388.5,38461.5
2025-01-16,South,Product C,Rep_8,73,470.05,34313.65
2025-01-18,South,Product A,Rep_7,59,127.83,7541.97
2025-01-18,South,Product C,Rep_19,19,304.7,5789.3
2025-01-18,South,Product D,Rep_14,24,494.29,11862.96
2025-01-22,North,Product A,Rep_17,7,82.89,580.23
2025-01-23,South,Product D,Rep_11,63,479.96,30237.48
2025-01-24,East,Product C,Rep_6,75,70.87,5315.25
2025-01-25,East,Product A,Rep_12,56,408.65,22884.4
2025-01-26,East,Product A,Rep_7,55,154.23,8482.65
2025-01-26,South,Product C,Rep_20,5,311.51,1557.55
2025-01-26,South,Product D,Rep_12,59,440.96,26016.64
2025-01-27,South,Product A,Rep_3,57,499.45,28468.65
2025-01-27,West,Product E,Rep_1,6,302.54,1815.24
2025-01-29,East,Product E,Rep_15,57,32.6,1858.2
2025-02-02,West,Product C,Rep_9,88,103.59,9115.92
2025-02-02,West,Product C,Rep_7,24,78.47,1883.28
2025-02-02,East,Product A,Rep_1,74,234.25,17334.5
2025-02-04,West,Product D,Rep_11,11,39.16,430.76
2025-02-06,East,Product A,Rep_6,57,362.03,20635.71
2025-02-07,Central,Product A,Rep_18,71,156.97,11144.87
2025-02-08,North,Product B,Rep_6,83,420.12,34869.96
2025-02-10,West,Product D,Rep_9,74,142.72,10561.28
2025-02-10,West,Product C,Rep_15,15,149.26,2238.9
2025-02-10,East,Product D,Rep_8,38,33.96,1290.48
2025-02-11,South,Product A,Rep_20,65,336.45,21869.25
2025-02-11,East,Product C,Rep_19,33,254.45,8396.85
2025-02-14,West,Product D,Rep_5,87,176.86,15386.82
2025-02-16,South,Product E,Rep_18,81,170.01,13770.81
2025-02-16,North,Product E,Rep_20,75,173.79,13034.25
2025-02-17,Central,Product E,Rep_6,56,364.77,20427.12
2025-02-19,Central,Product E,Rep_17,55,411.72,22644.6
2025-02-20,Central,Product A,Rep_5,99,63.12,6248.88
2025-02-22,North,Product D,Rep_17,66,218.76,14438.16
2025-02-22,West,Product A,Rep_16,52,494.15,25695.8
2025-02-22,West,Product D,Rep_2,59,242.79,14324.61
2025-02-22,North,Product C,Rep_8,54,67.96,3669.84
2025-02-23,South,Product D,Rep_12,49,376.56,18451.44
2025-02-26,Central,Product C,Rep_13,3,237.17,711.51
2025-02-27,East,Product D,Rep_18,4,394.28,1577.12
2025-02-28,North,Product C,Rep_18,70,46.51,3255.7
2025-02-28,East,Product A,Rep_16,73,475.31,34697.63
2025-03-01,East,Product E,Rep_6,12,127.41,1528.92
2025-03-01,East,Product A,Rep_6,18,78.87,1419.66
2025-03-01,East,Product C,Rep_8,31,138.91,4306.21
2025-03-02,East,Product B,Rep_1,35,290.16,10155.6
2025-03-03,South,Product B,Rep_8,76,172.51,13110.76
2025-03-03,South,Product C,Rep_16,88,239.0,21032.0
2025-03-03,West,Product C,Rep_4,82,24.77,2031.14
2025-03-03,East,Product A,Rep_16,32,276.08,8834.56
2025-03-04,North,Product A,Rep_2,12,53.79,645.48
2025-03-04,East,Product D,Rep_12,60,474.21,28452.6
2025-03-04,Central,Product B,Rep_15,75,447.16,33537.0
2025-03-05,South,Product E,Rep_16,24,95.41,2289.84
2025-03-06,Central,Product C,Rep_1,62,409.38,25381.56
2025-03-07,West,Product E,Rep_18,3,425.94,1277.82
2025-03-08,Central,Product A,Rep_16,14,361.31,5058.34
2025-03-09,Central,Product A,Rep_18,36,495.99,17855.64
2025-03-09,Central,Product E,Rep_16,34,413.99,14075.66
2025-03-10,North,Product D,Rep_4,76,33.73,2563.48
2025-03-10,North,Product E,Rep_5,8,362.26,2898.08
2025-03-10,West,Product C,Rep_13,70,126.79,8875.3
2025-03-13,East,Product C,Rep_7,75,120.18,9013.5
2025-03-14,South,Product A,Rep_17,68,178.72,12152.96
2025-03-14,West,Product D,Rep_12,96,439.63,42204.48
2025-03-15,West,Product C,Rep_15,99,233.43,23109.57
2025-03-16,West,Product D,Rep_8,13,257.97,3353.61
2025-03-16,West,Product C,Rep_6,75,258.58,19393.5
2025-03-17,Central,Product B,Rep_9,85,225.02,19126.7
2025-03-17,West,Product E,Rep_9,65,490.44,31878.6
2025-03-17,North,Product B,Rep_4,84,362.97,30489.48
2025-03-18,North,Product A,Rep_10,93,28.57,2657.01
2025-03-18,North,Product D,Rep_5,37,467.59,17300.83
2025-03-20,Central,Product A,Rep_5,39,378.47,14760.33
2025-03-21,North,Product D,Rep_7,12,467.55,5610.6
2025-03-21,West,Product C,Rep_12,52,269.93,14036.36
2025-03-23,Central,Product E,Rep_16,3,410.91,1232.73
2025-03-24,East,Product D,Rep_1,54,49.68,2682.72
2025-03-25,West,Product A,Rep_1,69,353.47,24389.43
2025-03-27,North,Product C,Rep_12,60,208.35,12501.0
2025-03-28,South,Product D,Rep_13,46,269.85,12413.1
2025-03-28,West,Product B,Rep_9,40,362.66,14506.4
2025-03-29,West,Product C,Rep_14,28,297.24,8322.72
2025-03-30,West,Product E,Rep_13,24,164.74,3953.76
2025-03-31,North,Product D,Rep_19,50,47.29,2364.5
2025-04-01,East,Product C,Rep_7,33,282.57,9324.81
2025-04-01,East,Product A,Rep_10,98,438.62,42984.76
2025-04-01,West,Product B,Rep_7,24,104.32,2503.68
2025-04-02,East,Product D,Rep_5,8,408.22,3265.76
2025-04-02,South,Product C,Rep_19,54,340.36,18379.44
2025-04-03,North,Product C,Rep_18,43,335.52,14427.36
2025-04-03,Central,Product C,Rep_3,44,202.63,8915.72
2025-04-04,West,Product A,Rep_6,49,109.17,5349.33
2025-04-04,South,Product B,Rep_6,24,458.22,10997.28
2025-04-04,West,Product E,Rep_9,31,307.76,9540.56
2025-04-05,East,Product B,Rep_15,89,392.88,34966.32
2025-04-05,Central,Product B,Rep_6,9,22.39,201.51
2025-04-06,Central,Product E,Rep_6,79,339.08,26787.32
2025-04-08,West,Product A,Rep_8,67,74.03,4960.01
2025-04-08,Central,Product E,Rep_18,80,325.83,26066.4
2025-04-08,South,Product E,Rep_15,18,434.05,7812.9
2025-04-09,South,Product A,Rep_6,96,483.89,46453.44
2025-04-09,South,Product A,Rep_20,48,485.79,23317.92
2025-04-09,Central,Product B,Rep_16,4,139.54,558.16
2025-04-09,West,Product C,Rep_16,51,151.65,7734.15
2025-04-10,South,Product C,Rep_10,32,470.38,15052.16
2025-04-10,North,Product E,Rep_19,15,143.42,2151.3
2025-04-10,South,Product D,Rep_20,14,51.25,717.5
2025-04-11,West,Product C,Rep_17,98,248.55,24357.9
2025-04-11,North,Product A,Rep_18,25,213.87,5346.75
2025-04-11,East,Product C,Rep_12,80,48.94,3915.2
2025-04-12,West,Product C,Rep_4,56,339.53,19013.68
2025-04-13,South,Product A,Rep_15,1,86.24,86.24
2025-04-13,East,Product B,Rep_6,21,362.35,7609.35
2025-04-14,West,Product C,Rep_2,65,172.54,11215.1
2025-04-15,West,Product B,Rep_10,86,112.1,9640.6
2025-04-15,North,Product C,Rep_7,12,132.44,1589.28
2025-04-15,North,Product A,Rep_10,96,420.8,40396.8
2025-04-16,Central,Product D,Rep_1,98,202.35,19830.3
2025-04-19,North,Product D,Rep_10,4,224.02,896.08
2025-04-19,East,Product C,Rep_5,18,462.57,8326.26
2025-04-20,Central,Product E,Rep_6,39,219.0,8541.0
2025-04-21,East,Product C,Rep_1,53,132.92,7044.76
2025-04-21,East,Product C,Rep_7,62,11.34,703.08
2025-04-21,West,Product D,Rep_14,95,489.32,46485.4
2025-04-21,South,Product D,Rep_10,32,319.05,10209.6
2025-04-22,South,Product E,Rep_17,57,87.53,4989.21
2025-04-22,East,Product D,Rep_17,80,427.83,34226.4
2025-04-24,South,Product E,Rep_15,48,167.24,8027.52
2025-04-25,Central,Product A,Rep_18,17,119.83,2037.11
2025-04-26,West,Product B,Rep_20,74,46.92,3472.08
2025-04-26,East,Product B,Rep_17,62,182.51,11315.62
2025-04-26,Central,Product D,Rep_19,30,78.93,2367.9
2025-04-26,West,Product B,Rep_20,77,121.1,9324.7
2025-04-27,North,Product A,Rep_9,74,437.58,32380.92
2025-04-28,North,Product C,Rep_11,89,499.79,44481.31
2025-04-28,East,Product B,Rep_6,13,306.74,3987.62
2025-05-01,South,Product E,Rep_7,51,17.7,902.7
2025-05-01,East,Product E,Rep_1,86,313.38,26950.68
2025-05-01,North,Product C,Rep_14,28,166.84,4671.52
2025-05-01,North,Product D,Rep_7,95,94.94,9019.3
2025-05-04,East,Product E,Rep_13,48,189.33,9087.84
2025-05-04,East,Product E,Rep_5,32,214.69,6870.08
2025-05-05,North,Product A,Rep_3,69,331.68,22885.92
2025-05-06,Central,Product C,Rep_13,46,491.98,22631.08
2025-05-07,East,Product A,Rep_12,46,55.99,2575.54
2025-05-08,East,Product E,Rep_19,92,47.15,4337.8
2025-05-10,South,Product A,Rep_2,32,479.51,15344.32
2025-05-13,East,Product D,Rep_16,75,330.37,24777.75
2025-05-14,Central,Product E,Rep_14,36,367.46,13228.56
2025-05-14,South,Product B,Rep_11,91,497.0,45227.0
2025-05-14,Central,Product C,Rep_20,81,226.88,18377.28
2025-05-15,South,Product E,Rep_7,78,408.94,31897.32
2025-05-17,East,Product A,Rep_16,87,182.99,15920.13
2025-05-17,North,Product B,Rep_8,55,181.37,9975.35
2025-05-19,East,Product B,Rep_5,31,429.21,13305.51
2025-05-20,South,Product B,Rep_18,27,224.04,6049.08
2025-05-21,North,Product A,Rep_1,8,239.44,1915.52
2025-05-21,East,Product D,Rep_15,36,166.45,5992.2
2025-05-21,North,Product B,Rep_12,19,498.58,9473.02
2025-05-22,West,Product C,Rep_20,92,103.56,9527.52
2025-05-23,West,Product A,Rep_6,32,180.46,5774.72
2025-05-23,North,Product C,Rep_8,10,204.29,2042.9
2025-05-24,East,Product C,Rep_5,49,362.94,17784.06
2025-05-24,East,Product A,Rep_10,53,169.89,9004.17
2025-05-26,North,Product A,Rep_14,37,404.87,14980.19
2025-05-27,South,Product A,Rep_3,83,421.07,34948.81
2025-05-28,North,Product A,Rep_15,16,37.51,600.16
2025-05-29,West,Product A,Rep_13,35,363.97,12738.95
2025-05-29,South,Product C,Rep_5,95,353.59,33591.05
2025-05-29,South,Product A,Rep_15,34,235.95,8022.3
2025-05-30,East,Product D,Rep_18,28,261.22,7314.16
2025-06-01,West,Product A,Rep_6,44,331.08,14567.52
2025-06-01,Central,Product C,Rep_16,56,461.95,25869.2
2025-06-02,Central,Product B,Rep_20,65,267.93,17415.45
2025-06-02,East,Product C,Rep_15,79,316.29,24986.91
2025-06-02,Central,Product E,Rep_12,85,58.4,4964.0
2025-06-03,North,Product A,Rep_6,92,161.85,14890.2
2025-06-05,East,Product A,Rep_5,36,345.67,12444.12
2025-06-05,Central,Product B,Rep_10,3,297.77,893.31
2025-06-07,East,Product E,Rep_12,9,453.84,4084.56
2025-06-07,West,Product D,Rep_1,25,36.15,903.75
2025-06-09,North,Product A,Rep_5,9,23.18,208.62
2025-06-09,West,Product B,Rep_20,67,312.01,20904.67
2025-06-10,East,Product E,Rep_8,48,60.89,2922.72
2025-06-10,North,Product A,Rep_4,77,127.98,9854.46
2025-06-11,West,Product A,Rep_18,58,129.08,7486.64
2025-06-12,West,Product E,Rep_20,44,42.25,1859.0
2025-06-13,Central,Product B,Rep_18,27,409.27,11050.29
2025-06-13,East,Product C,Rep_13,86,457.89,39378.54
2025-06-13,West,Product E,Rep_7,46,124.1,5708.6
2025-06-14,Central,Product B,Rep_7,10,492.11,4921.1
2025-06-15,Central,Product E,Rep_13,83,360.2,29896.6
2025-06-15,South,Product C,Rep_2,76,335.14,25470.64
2025-06-16,East,Product A,Rep_11,94,84.1,7905.4
2025-06-16,West,Product A,Rep_10,94,139.62,13124.28
2025-06-17,South,Product B,Rep_1,73,449.01,32777.73
2025-06-18,North,Product D,Rep_1,76,161.71,12289.96
2025-06-18,South,Product B,Rep_16,26,127.13,3305.38
2025-06-19,North,Product E,Rep_19,33,357.53,11798.49
2025-06-21,East,Product B,Rep_13,20,226.3,4526.0
2025-06-22,North,Product A,Rep_5,69,11.76,811.44
2025-06-23,Central,Product D,Rep_16,87,74.25,6459.75
2025-06-24,Central,Product D,Rep_11,55,392.66,21596.3
2025-06-24,North,Product D,Rep_10,10,334.2,3342.0
2025-06-25,South,Product C,Rep_8,86,262.35,22562.1
2025-06-25,West,Product B,Rep_8,2,141.02,282.04
2025-06-26,West,Product C,Rep_6,54,212.93,11498.22
2025-06-26,South,Product D,Rep_5,11,279.34,3072.74
2025-06-29,South,Product C,Rep_3,13,89.88,1168.44
2025-06-29,Central,Product B,Rep_20,16,448.92,7182.72
2025-06-30,North,Product D,Rep_15,49,482.08,23621.92
2025-06-30,South,Product D,Rep_6,75,122.46,9184.5
2025-07-02,South,Product A,Rep_5,65,437.59,28443.35
2025-07-03,East,Product E,Rep_6,14,286.69,4013.66
2025-07-03,South,Product C,Rep_11,4,191.42,765.68
2025-07-04,East,Product E,Rep_8,19,57.55,1093.45
2025-07-05,Central,Product E,Rep_17,46,491.23,22596.58
2025-07-05,South,Product A,Rep_1,42,491.86,20658.12
2025-07-08,South,Product C,Rep_15,45,476.57,21445.65
2025-07-09,West,Product D,Rep_12,54,217.74,11757.96
2025-07-09,East,Product D,Rep_19,27,298.21,8051.67
2025-07-10,North,Product C,Rep_9,43,51.37,2208.91
2025-07-10,North,Product A,Rep_14,62,204.79,12696.98
2025-07-11,North,Product C,Rep_6,84,215.35,18089.4
2025-07-11,North,Product B,Rep_10,69,237.17,16364.73
2025-07-12,West,Product C,Rep_17,20,130.83,2616.6
2025-07-12,Central,Product E,Rep_4,2,137.02,274.04
2025-07-13,Central,Product D,Rep_19,51,447.35,22814.85
2025-07-13,North,Product D,Rep_7,30,450.41,13512.3
2025-07-13,South,Product B,Rep_10,67,490.64,32872.88
2025-07-13,Central,Product B,Rep_7,2,369.38,738.76
2025-07-13,West,Product B,Rep_7,63,392.8,24746.4
2025-07-15,West,Product A,Rep_14,87,313.45,27270.15
2025-07-16,East,Product B,Rep_7,20,387.45,7749.0
2025-07-17,West,Product B,Rep_18,37,283.61,10493.57
2025-07-17,East,Product A,Rep_20,69,152.78,10541.82
2025-07-18,South,Product B,Rep_10,68,266.06,18092.08
2025-07-20,West,Product E,Rep_9,56,471.39,26397.84
2025-07-20,South,Product E,Rep_6,71,71.6,5083.6
2025-07-21,Central,Product B,Rep_16,34,202.67,6890.78
2025-07-22,South,Product B,Rep_10,73,32.05,2339.65
2025-07-23,South,Product E,Rep_17,67,10.25,686.75
2025-07-23,Central,Product C,Rep_12,38,270.12,10264.56
2025-07-23,South,Product E,Rep_5,72,118.12,8504.64
2025-07-23,South,Product E,Rep_3,86,207.13,17813.18
2025-07-24,East,Product E,Rep_11,29,242.8,7041.2
2025-07-26,East,Product B,Rep_16,39,155.95,6082.05
2025-07-27,East,Product E,Rep_19,5,49.79,248.95
2025-07-27,Central,Product B,Rep_2,51,32.99,1682.49
2025-07-27,South,Product C,Rep_13,65,340.6,22139.0
2025-07-28,North,Product E,Rep_14,99,479.96,47516.04
2025-07-28,West,Product E,Rep_10,28,54.35,1521.8
2025-07-28,South,Product D,Rep_8,14,131.18,1836.52
2025-07-29,North,Product A,Rep_17,2,334.79,669.58
2025-07-30,North,Product B,Rep_20,21,377.33,7923.93
2025-08-01,North,Product A,Rep_11,54,369.17,19935.18
2025-08-02,East,Product E,Rep_11,7,440.82,3085.74
2025-08-03,South,Product E,Rep_20,84,31.9,2679.6
2025-08-03,North,Product D,Rep_9,31,448.5,13903.5
2025-08-03,West,Product B,Rep_8,63,454.61,28640.43
2025-08-05,South,Product D,Rep_16,70,69.34,4853.8
2025-08-05,West,Product D,Rep_4,52,482.04,25066.08
2025-08-06,South,Product D,Rep_17,84,332.0,27888.0
2025-08-06,East,Product A,Rep_12,49,448.75,21988.75
2025-08-06,South,Product C,Rep_17,68,27.78,1889.04
2025-08-07,Central,Product B,Rep_14,74,389.27,28805.98
2025-08-08,East,Product A,Rep_1,68,322.68,21942.24
2025-08-09,Central,Product D,Rep_3,96,56.64,5437.44
2025-08-09,South,Product B,Rep_15,49,415.6,20364.4
2025-08-09,West,Product E,Rep_3,95,138.21,13129.95
2025-08-09,West,Product C,Rep_13,64,384.72,24622.08
2025-08-11,South,Product B,Rep_4,56,433.33,24266.48
2025-08-12,North,Product C,Rep_16,14,352.85,4939.9
2025-08-12,East,Product B,Rep_19,7,171.69,1201.83
2025-08-13,West,Product B,Rep_20,65,144.13,9368.45
2025-08-14,East,Product E,Rep_1,34,423.22,14389.48
2025-08-17,East,Product D,Rep_9,89,46.28,4118.92
2025-08-17,East,Product A,Rep_13,97,97.32,9440.04
2025-08-17,West,Product C,Rep_8,90,45.72,4114.8
2025-08-18,South,Product E,Rep_17,99,383.94,38010.06
2025-08-19,West,Product D,Rep_20,86,302.75,26036.5
2025-08-19,South,Product D,Rep_3,12,21.48,257.76
2025-08-19,West,Product C,Rep_20,90,111.21,10008.9
2025-08-19,North,Product E,Rep_19,82,289.77,23761.14
2025-08-19,Central,Product E,Rep_11,8,243.7,1949.6
2025-08-19,East,Product C,Rep_12,83,57.08,4737.64
2025-08-20,West,Product A,Rep_17,44,319.52,14058.88
2025-08-20,East,Product A,Rep_2,80,14.85,1188.0
2025-08-21,East,Product D,Rep_16,21,89.58,1881.18
2025-08-21,East,Product C,Rep_12,95,381.47,36239.65
2025-08-21,Central,Product A,Rep_7,5,82.55,412.75
2025-08-22,East,Product A,Rep_8,63,263.77,16617.51
2025-08-22,West,Product C,Rep_6,76,435.79,33120.04
2025-08-22,West,Product E,Rep_2,44,441.35,19419.4
2025-08-22,West,Product E,Rep_18,56,166.36,9316.16
2025-08-24,West,Product E,Rep_12,71,443.2,31467.2
2025-08-25,East,Product D,Rep_1,12,95.85,1150.2
2025-08-25,North,Product E,Rep_16,80,248.45,19876.0
2025-08-27,East,Product C,Rep_16,50,383.38,19169.0
2025-08-27,West,Product D,Rep_4,55,60.13,3307.15
2025-08-28,North,Product E,Rep_1,91,347.86,31655.26
2025-08-28,North,Product E,Rep_17,23,205.57,4728.11
2025-08-28,East,Product B,Rep_6,26,493.56,12832.56
2025-08-28,East,Product C,Rep_17,64,23.91,1530.24
2025-08-30,West,Product D,Rep_20,75,266.11,19958.25
2025-08-31,West,Product E,Rep_6,94,270.55,25431.7
2025-09-02,North,Product E,Rep_5,20,123.5,2470.0
2025-09-03,North,Product E,Rep_2,50,239.84,11992.0
2025-09-03,Central,Product D,Rep_10,57,115.5,6583.5
2025-09-04,North,Product A,Rep_12,98,309.21,30302.58
2025-09-04,Central,Product B,Rep_2,22,131.48,2892.56
2025-09-05,West,Product B,Rep_5,22,298.31,6562.82
2025-09-06,South,Product E,Rep_14,18,327.36,5892.48
2025-09-06,Central,Product D,Rep_14,63,162.78,10255.14
2025-09-07,North,Product B,Rep_1,2,305.26,610.52
2025-09-09,West,Product D,Rep_17,99,128.88,12759.12
2025-09-09,Central,Product D,Rep_13,30,460.53,13815.9
2025-09-09,North,Product A,Rep_9,8,41.41,331.28
2025-09-10,East,Product A,Rep_18,62,32.28,2001.36
2025-09-10,Central,Product D,Rep_9,76,75.48,5736.48
2025-09-10,North,Product B,Rep_15,53,425.09,22529.77
2025-09-11,West,Product E,Rep_1,27,479.79,12954.33
2025-09-12,East,Product B,Rep_16,67,196.06,13136.02
2025-09-12,North,Product D,Rep_11,98,164.51,16121.98
2025-09-14,West,Product A,Rep_15,19,24.12,458.28
2025-09-14,East,Product D,Rep_2,14,56.41,789.74
2025-09-15,North,Product B,Rep_7,42,193.23,8115.66
2025-09-15,South,Product E,Rep_13,31,102.44,3175.64
2025-09-15,South,Product D,Rep_14,89,23.37,2079.93
2025-09-18,West,Product D,Rep_3,47,459.97,21618.59
2025-09-19,East,Product B,Rep_3,67,349.0,23383.0
2025-09-21,West,Product D,Rep_13,89,438.99,39070.11
2025-09-22,South,Product C,Rep_3,39,64.45,2513.55
2025-09-23,Central,Product B,Rep_5,17,166.58,2831.86
2025-09-24,South,Product A,Rep_2,29,255.54,7410.66
2025-09-24,North,Product D,Rep_16,42,350.8,14733.6
2025-09-25,West,Product D,Rep_4,71,257.79,18303.09
2025-09-26,West,Product B,Rep_3,3,359.76,1079.28
2025-09-26,South,Product C,Rep_9,98,478.63,46905.74
2025-09-27,West,Product D,Rep_18,91,360.01,32760.91
2025-09-27,West,Product D,Rep_8,26,38.85,1010.1
2025-09-28,West,Product A,Rep_9,39,37.76,1472.64
2025-09-28,South,Product C,Rep_15,80,360.65,28852.0
2025-09-29,North,Product B,Rep_12,86,129.36,11124.96
2025-09-29,West,Product C,Rep_12,14,447.73,6268.22
2025-09-29,East,Product B,Rep_15,74,369.86,27369.64
2025-09-30,West,Product B,Rep_16,48,53.12,2549.76
2025-09-30,South,Product C,Rep_12,25,184.32,4608.0
2025-09-30,East,Product E,Rep_14,73,136.23,9944.79
2025-10-02,South,Product B,Rep_11,76,205.01,15580.76
2025-10-02,South,Product A,Rep_6,52,390.44,20302.88
2025-10-03,West,Product D,Rep_1,4,16.24,64.96
2025-10-04,West,Product B,Rep_4,26,194.29,5051.54
2025-10-04,Central,Product B,Rep_20,39,244.31,9528.09
2025-10-07,North,Product B,Rep_19,87,131.6,11449.2
2025-10-07,North,Product E,Rep_18,77,287.92,22169.84
2025-10-08,South,Product E,Rep_10,59,15.91,938.69
2025-10-08,West,Product B,Rep_6,51,376.12,19182.12
2025-10-09,South,Product A,Rep_6,9,355.12,3196.08
2025-10-09,East,Product C,Rep_2,90,29.45,2650.5
2025-10-09,North,Product E,Rep_14,67,206.23,13817.41
2025-10-10,North,Product B,Rep_15,13,413.41,5374.33
2025-10-10,South,Product E,Rep_1,23,499.32,11484.36
2025-10-10,West,Product B,Rep_4,9,478.36,4305.24
2025-10-11,East,Product C,Rep_17,63,77.06,4854.78
2025-10-11,North,Product B,Rep_2,43,490.27,21081.61
2025-10-12,East,Product C,Rep_17,89,209.65,18658.85
2025-10-12,Central,Product B,Rep_19,13,86.33,1122.29
2025-10-14,East,Product D,Rep_10,20,429.11,8582.2
2025-10-14,East,Product E,Rep_20,45,37.32,1679.4
2025-10-16,Central,Product C,Rep_2,50,398.86,19943.0
2025-10-16,South,Product A,Rep_17,67,431.23,28892.41
2025-10-17,East,Product E,Rep_7,40,15.35,614.0
2025-10-17,Central,Product E,Rep_11,74,110.12,8148.88
2025-10-19,West,Product D,Rep_7,11,19.35,212.85
2025-10-19,North,Product D,Rep_9,14,429.1,6007.4
2025-10-21,West,Product A,Rep_12,98,145.75,14283.5
2025-10-24,North,Product A,Rep_1,64,67.49,4319.36
2025-10-25,East,Product C,Rep_8,41,238.59,9782.19
2025-10-25,North,Product E,Rep_7,11,22.63,248.93
2025-10-27,East,Product D,Rep_12,65,318.98,20733.7
2025-10-28,North,Product C,Rep_1,40,197.89,7915.6
2025-10-29,East,Product A,Rep_16,97,39.03,3785.91
2025-10-31,Central,Product B,Rep_5,1,406.95,406.95
2025-11-02,West,Product B,Rep_11,88,73.0,6424.0
2025-11-03,West,Product A,Rep_18,47,234.2,11007.4
